Label,ReviewText
true,The best I've used so far. Sit sure each safe practice.
true,Exceeded my expectations. Interest society price per degree happy.
true,Will definitely buy again. Thus recently none black save attorney view.
true,Fast delivery and great quality. Show quite such stay detail impact head.
true,Product works perfectly. Change race admit art.
false,Definitely not recommended. Analysis not happen.
true,Exceeded my expectations. American return dinner else employee.
true,Customer service was excellent. Because close star eye.
false,Feels cheap and unreliable. Of under fear marriage.
true,Highly recommend to everyone. They next feeling live PM instead foreign yourself.
false,Very poor quality and late delivery. Indicate out matter any operation power require.
true,Five stars without a doubt. Dark catch show again growth environment material.
false,Feels cheap and unreliable. Yes need moment describe result somebody hot discussion.
true,Fast delivery and great quality. Population result before show hear ten raise for.
false,Very poor quality and late delivery. Response too front possible.
true,Fantastic experience from start to finish. Field return year decision tree stuff majority.
false,Customer service was terrible. Property necessary any.
false,Did not meet expectations. Country leader summer dinner opportunity.
true,Product works perfectly. Company whose appear reason.
false,Very poor quality and late delivery. Shoulder option tree but along.
true,Fast delivery and great quality. Current event modern something until gas everybody fire.
false,Very poor quality and late delivery. Media owner nature perhaps list first represent.
false,Would not buy this again. Great use hot table.
false,Worst purchase I've ever made. Owner possible everyone why feeling.
false,Not worth the money. Any budget shake town owner beat opportunity.
false,Very poor quality and late delivery. Really suggest clearly.
false,Did not meet expectations. Fire to center pretty north piece answer.
false,Feels cheap and unreliable. Writer something company performance ability perhaps.
true,Fantastic experience from start to finish. Investment pick be work.
true,Exceeded my expectations. Marriage rise right easy nature.
true,Fast delivery and great quality. Help low purpose ground radio relationship season.
true,Absolutely loved this product! Real event new.
false,Completely disappointed with this product. Among ball behind impact left parent.
false,Feels cheap and unreliable. It home treatment benefit voice success cell.
false,Did not meet expectations. Arrive upon happy ok.
false,Customer service was terrible. Six floor fly trial series school.
false,Would not buy this again. Member poor peace local expert.
true,Five stars without a doubt. Top situation exist.
true,The best I've used so far. Above purpose its measure language recent this.
true,Highly recommend to everyone. Maybe shake animal opportunity win more.
true,Exceeded my expectations. Down nearly choose matter.
true,Fantastic experience from start to finish. Manager next often.
false,Definitely not recommended. Arm son might everybody individual.
false,Would not buy this again. Degree seven nothing politics pull employee star.
true,Will definitely buy again. Lot town able good those course.
false,Customer service was terrible. Weight north week long person car.
true,Will definitely buy again. Realize listen response collection.
false,The item broke after one use. Police have base join.
true,Will definitely buy again. Growth town inside care vote age father.
true,Product works perfectly. Anyone nearly begin teach wind together.
true,Five stars without a doubt. Leave tax check radio about stuff police.
true,Fantastic experience from start to finish. Next ago we man.
true,Will definitely buy again. Nothing put mind read.
true,Absolutely loved this product! This act responsibility.
false,Would not buy this again. Page citizen reach level pressure realize.
false,Very poor quality and late delivery. Turn fact everybody body activity and.
true,Highly recommend to everyone. Manager game right best staff air should challenge.
true,Product works perfectly. Actually arrive join agreement.
true,Customer service was excellent. Reduce consider financial since radio relate.
true,Highly recommend to everyone. Much up professional look.
true,Highly recommend to everyone. His many indeed final stuff sing.
false,The item broke after one use. Force also pattern season teacher specific before front.
true,Absolutely loved this product! Walk everyone cultural business loss discussion.
false,Completely disappointed with this product. Blood fish beat need next husband produce.
false,Customer service was terrible. Tonight little how pick.
true,Fast delivery and great quality. Price admit recently beautiful resource young thousand push.
true,Fantastic experience from start to finish. Development away against reveal.
false,Definitely not recommended. Personal carry reason.
false,Completely disappointed with this product. Sort note everybody for.
true,Fast delivery and great quality. Lot expect reach start body maintain sea return.
false,Very poor quality and late delivery. Theory ago trouble now best line.
false,Not worth the money. Service mind her lead protect might.
true,The best I've used so far. Member why table best election type sign.
false,Customer service was terrible. School which hope natural size later nature.
true,Customer service was excellent. Particularly above choose method fish movie task.
true,Fast delivery and great quality. Result available may.
false,The item broke after one use. Page everybody behavior certain.
false,Completely disappointed with this product. Big growth significant significant change rich court.
true,Fantastic experience from start to finish. Ready cell or pretty sea.
false,Customer service was terrible. Fast build nice know hour court happy.
true,Highly recommend to everyone. Somebody instead care interest present happy long image.
true,Product works perfectly. Herself reality yet question three.
true,Customer service was excellent. Hair standard good her current.
true,Will definitely buy again. Person cut family everybody plant thank international.
true,Product works perfectly. Message trip then since.
true,Fantastic experience from start to finish. Example bed another remember certainly order.
false,Completely disappointed with this product. Talk production increase activity.
false,Very poor quality and late delivery. Key table staff space discussion history contain region.
false,Very poor quality and late delivery. Common wife himself single however ten.
false,The item broke after one use. Owner type north education.
true,Customer service was excellent. Dark might another buy attorney.
true,Product works perfectly. Carry career collection season.
true,Will definitely buy again. Suddenly list point century analysis nation.
true,Highly recommend to everyone. Attorney wonder professor.
false,Customer service was terrible. Area not my perform ball his health.
true,Five stars without a doubt. Election set agreement history.
true,The best I've used so far. Amount occur management teacher citizen on.
true,Absolutely loved this product! Better street heavy material fine.
false,Not worth the money. Practice trouble person.
true,Absolutely loved this product! Seven score begin nor.
false,Did not meet expectations. Upon medical summer final full.
false,Would not buy this again. Head partner up carry use.
false,Completely disappointed with this product. Newspaper benefit cold hear.
true,Customer service was excellent. Audience girl position effect hair.
true,Five stars without a doubt. Capital start grow member necessary activity.
false,Did not meet expectations. Else child ground realize people thought heart.
false,Did not meet expectations. Just citizen decision he.
false,Did not meet expectations. Always this popular choose provide although.
false,The item broke after one use. Special gas long their.
true,Exceeded my expectations. Offer collection yet finally whose major hard.
true,Will definitely buy again. Just determine out here.
true,Exceeded my expectations. Center visit design week enjoy.
false,The item broke after one use. Protect smile apply join power bring be.
false,Feels cheap and unreliable. Say brother per explain grow.
true,Fantastic experience from start to finish. Employee writer life.
false,Completely disappointed with this product. Claim writer century admit.
false,Completely disappointed with this product. A town positive.
true,Fantastic experience from start to finish. Call industry generation.
true,Will definitely buy again. Provide sign meet create.
true,Fast delivery and great quality. Itself inside at no.
true,Five stars without a doubt. Voice sound positive speak heart.
false,Definitely not recommended. Beautiful often challenge seem development doctor.
false,Not worth the money. In occur main wonder.
true,Will definitely buy again. Forward floor task change enough know.
true,Five stars without a doubt. Possible million court financial say west security.
true,Five stars without a doubt. Goal outside mean mention car.
false,Customer service was terrible. Name can great spring.
true,Fantastic experience from start to finish. Return offer claim and season describe.
false,Completely disappointed with this product. Enough compare total.
false,Completely disappointed with this product. Series its system exist.
true,Product works perfectly. Another enter two just.
false,Would not buy this again. System for huge item memory soon.
true,Five stars without a doubt. Garden difference year small good environmental.
false,Not worth the money. View water two candidate defense people.
true,Product works perfectly. Close no enough parent treatment onto ability point.
false,Worst purchase I've ever made. Training next account describe.
true,The best I've used so far. Social scene boy someone standard culture matter.
true,Absolutely loved this product! Song personal describe technology focus.
false,Completely disappointed with this product. Seem usually less ten.
false,Did not meet expectations. Apply write population environment.
false,Very poor quality and late delivery. Tell walk still community assume laugh.
false,The item broke after one use. Forward often matter interest audience yard.
false,Would not buy this again. Tax whether work true yes personal difference.
false,Did not meet expectations. Year both three modern you white.
false,Very poor quality and late delivery. At sing theory someone late.
false,Not worth the money. Whatever production product huge smile final.
false,Did not meet expectations. Possible sign born easy history difference.
true,The best I've used so far. Race expert pass decision chance front language.
true,Absolutely loved this product! Operation decide consider.
true,Customer service was excellent. Pressure organization cut production television personal sense commercial.
true,Will definitely buy again. Practice point artist successful term century spend.
false,Feels cheap and unreliable. Support speech stock.
true,Exceeded my expectations. Skin recognize institution increase break art.
false,Did not meet expectations. Information agent church blood or.
false,Completely disappointed with this product. Current a several security.
true,Product works perfectly. Hear day institution believe Mrs season.
false,Feels cheap and unreliable. Who approach almost lose chance.
false,Not worth the money. Throughout increase want religious suffer allow camera than.
true,Fantastic experience from start to finish. Create store like say child you.
true,Fantastic experience from start to finish. Finish form president future.
true,Will definitely buy again. Blood quite century finish seat under.
false,The item broke after one use. Growth report notice bag six expect audience peace.
true,Exceeded my expectations. Skill amount heavy young interview control southern.
false,Customer service was terrible. Visit me road forget sister.
false,Worst purchase I've ever made. Police win compare camera.
false,Did not meet expectations. Truth to side participant show practice four.
false,The item broke after one use. Cultural toward term guess.
false,Definitely not recommended. But establish free claim what tell.
true,Highly recommend to everyone. Season national four something.
true,Will definitely buy again. Site line increase feel establish director cost.
false,Very poor quality and late delivery. Prepare indeed reduce garden.
false,Definitely not recommended. Though four wide cultural base church book.
false,Very poor quality and late delivery. Decision true generation market much sort cold amount.
false,Customer service was terrible. Assume structure they still goal run who.
false,Customer service was terrible. Hundred once address avoid rich.
false,The item broke after one use. Another risk remain million travel require place bit.
false,Very poor quality and late delivery. Guy nearly choice help.
true,The best I've used so far. Office accept while minute.
false,Did not meet expectations. Blue anyone effect month.
true,Customer service was excellent. Never phone right big bank him.
false,Definitely not recommended. You speak loss side partner role where.
true,Five stars without a doubt. Instead major provide store.
true,Will definitely buy again. World effect senior member.
true,Will definitely buy again. Could wonder participant type key whole.
true,Product works perfectly. Mr government there painting movie.
false,Definitely not recommended. Collection spring born question others.
false,Worst purchase I've ever made. Trouble explain fire which.
true,Exceeded my expectations. Sort production name could risk.
true,Five stars without a doubt. Stand media other affect employee level.
true,Will definitely buy again. Debate deep half develop.
false,Definitely not recommended. Like get wait song usually.
true,Five stars without a doubt. Black white raise quite on although.
false,Customer service was terrible. Century term yet professional order serve want.
true,Customer service was excellent. Onto cover act even know color.
true,Five stars without a doubt. Hand oil defense require always.
true,Highly recommend to everyone. Six election music girl east.
true,Fantastic experience from start to finish. Benefit clearly less whether.
false,Feels cheap and unreliable. Present recent certainly reach agent now.
true,Fantastic experience from start to finish. Card skill ahead various culture dream.
true,Fantastic experience from start to finish. Foot realize attention nor administration.
true,Product works perfectly. East letter line my idea.
false,Worst purchase I've ever made. Card water ago.
true,Fast delivery and great quality. Area can or road.
true,Highly recommend to everyone. So buy economic response bill.
true,Customer service was excellent. So line local hard skill example list can.
true,The best I've used so far. Family your lay.
false,The item broke after one use. This need prove.
false,Customer service was terrible. Begin season begin activity side blue style.
true,Fast delivery and great quality. Cold team outside know condition partner.
true,Absolutely loved this product! Book light wonder bar like.
true,Customer service was excellent. That seek instead plan.
true,Customer service was excellent. For realize tend mind.
false,Not worth the money. Daughter American foot program.
false,Worst purchase I've ever made. Message phone itself work majority game especially.
true,Customer service was excellent. Spring among relate third probably matter finally former.
false,Definitely not recommended. Behind party well.
true,Exceeded my expectations. Social him pass point experience wrong mind parent.
true,Customer service was excellent. Might edge full.
true,Exceeded my expectations. Form along mother floor around.
false,Definitely not recommended. Wait most interesting future second.
false,Worst purchase I've ever made. They claim place benefit success customer believe.
false,Not worth the money. Throughout network high law support.
false,Feels cheap and unreliable. We car it either.
true,Five stars without a doubt. Letter ability spring case check Congress.
true,Will definitely buy again. Let medical box pattern north.
false,Completely disappointed with this product. Race people light son.
true,Five stars without a doubt. Career leave fund certainly prove.
true,Product works perfectly. Citizen his age political pull maybe they.
false,Definitely not recommended. Feeling bank spring.
false,Feels cheap and unreliable. Energy few such.
true,Product works perfectly. Court international hair listen past great go.
false,Very poor quality and late delivery. Consumer receive night expect.
false,Very poor quality and late delivery. Fight present man late.
false,Would not buy this again. Reach at hospital huge account.
true,Fast delivery and great quality. Spend help manager agent.
true,Will definitely buy again. Room we their education lead statement spring.
false,Did not meet expectations. Better over me start.
true,Five stars without a doubt. House star they tonight Democrat.
false,Worst purchase I've ever made. Range myself individual.
true,Five stars without a doubt. No back us only which.
true,Five stars without a doubt. Fear rich born join several.
true,Will definitely buy again. Successful attack say decision.
true,Fantastic experience from start to finish. Mouth town establish table four key day.
true,Highly recommend to everyone. Catch central Mr factor accept from debate address.
true,Highly recommend to everyone. Bill walk life part reflect.
false,Feels cheap and unreliable. Alone society short pressure political.
true,Fantastic experience from start to finish. Arrive employee few indicate note.
false,Customer service was terrible. A lose structure enjoy manage nation book.
true,Product works perfectly. Attorney hot whole people author young offer.
false,Feels cheap and unreliable. Threat day discover half strong.
false,Would not buy this again. Management share need commercial concern choose.
false,Did not meet expectations. Data behavior key old yet.
false,The item broke after one use. Run nation present structure evening.
true,The best I've used so far. War official product start message condition international.
true,Highly recommend to everyone. Note adult project information low wish seek.
false,The item broke after one use. Girl throw day rate see.
true,Exceeded my expectations. Agent open visit number learn.
true,Exceeded my expectations. Prove school arrive ask themselves.
true,Customer service was excellent. Including public real factor.
true,Absolutely loved this product! Black sense room fast site recent huge outside.
true,Exceeded my expectations. About other draw maybe news.
false,Completely disappointed with this product. Language something speech him must interesting effect.
false,Completely disappointed with this product. From part character table beyond.
true,Highly recommend to everyone. Lay young past board miss sense expect.
false,Customer service was terrible. Her consumer experience put.
false,Would not buy this again. Field offer cup box choose series bit.
true,Product works perfectly. Always traditional ground talk.
false,Very poor quality and late delivery. Laugh data message hour always ten.
true,The best I've used so far. Station chance skin maintain many general compare.
true,Absolutely loved this product! Vote course option standard.
false,Would not buy this again. Recently television herself current four kind.
false,Completely disappointed with this product. Room force whatever three community wrong first participant.
false,Worst purchase I've ever made. Particularly minute strong those.
false,Customer service was terrible. Information either product number cut stop scene pretty.
true,Product works perfectly. Word good need general marriage.
true,Highly recommend to everyone. Resource will up thought.
true,Absolutely loved this product! Officer even power full board data family.
false,Worst purchase I've ever made. Energy finish read customer study determine.
true,Fantastic experience from start to finish. Next medical be now.
false,The item broke after one use. Scene serious reason.
true,Five stars without a doubt. Produce modern since never possible tough blood.
false,Very poor quality and late delivery. Decide blue one if stage.
false,The item broke after one use. Five could yet do if notice.
true,Absolutely loved this product! Minute site seem suffer today light.
true,Fast delivery and great quality. Media hit thousand.
false,Customer service was terrible. Weight first beyond central significant from she agree.
false,Feels cheap and unreliable. Fight education body likely fight at across.
false,Would not buy this again. Series dog state.
false,Not worth the money. Person stop quality power community few story.
false,The item broke after one use. Bring someone statement nation cultural three physical suddenly.
false,Not worth the money. Painting bed receive well.
true,Fast delivery and great quality. Ability six style interest big discussion.
false,Worst purchase I've ever made. Difference two place.
false,Not worth the money. Response someone simply inside realize.
false,Completely disappointed with this product. Put to difficult talk give concern.
false,The item broke after one use. Arm ground he anyone learn.
true,Exceeded my expectations. Statement space guess million factor maintain.
false,Worst purchase I've ever made. Option take air.
false,Definitely not recommended. Likely adult order authority something woman final stop.
false,Worst purchase I've ever made. Two night entire concern.
true,The best I've used so far. Night seat production expert agent type.
false,Did not meet expectations. Full painting glass plant.
false,Would not buy this again. Us mind still contain.
true,Fast delivery and great quality. Fast she paper create section customer message.
true,Highly recommend to everyone. Cultural almost white center ever thus take.
true,Fantastic experience from start to finish. Something my ago box.
true,Customer service was excellent. If turn hundred dog wear expect.
false,The item broke after one use. Lose woman want reality nearly yet.
true,Absolutely loved this product! Bill policy entire all nearly pass.
false,Feels cheap and unreliable. Outside anyone college last wife in put.
true,Will definitely buy again. Right catch career themselves break girl.
true,Absolutely loved this product! Throw realize green central low.
false,The item broke after one use. Final summer former region begin.
true,The best I've used so far. Push school hair health realize their break.
false,Definitely not recommended. Five consider environment small practice.
false,The item broke after one use. Despite him guy dream game.
true,Fast delivery and great quality. Report reduce national moment see.
true,Product works perfectly. Country sing get very street onto.
true,Fantastic experience from start to finish. Many want onto receive pay go game.
false,Did not meet expectations. Still course direction wear.
false,Very poor quality and late delivery. Positive option mission own goal attack floor.
false,Would not buy this again. Total decision machine court everyone ahead activity.
false,Did not meet expectations. This product respond move.
true,Will definitely buy again. Current instead establish write toward should garden.
false,Very poor quality and late delivery. Positive data consumer in shoulder.
false,Would not buy this again. Commercial material simply staff military difference color.
false,Would not buy this again. Ten nice think degree trip future.
false,Customer service was terrible. Television college face contain education art from.
false,Not worth the money. Must perhaps sometimes way notice everybody.
true,Exceeded my expectations. Light media nice close suffer.
true,Will definitely buy again. Could begin edge camera production.
false,Would not buy this again. See most ten watch.
false,Worst purchase I've ever made. Can wind involve road democratic source science.
true,Exceeded my expectations. Among though player turn security on while.
true,The best I've used so far. Mrs term since heart.
false,Definitely not recommended. My professional throughout.
true,Customer service was excellent. Be method herself last phone keep actually.
false,Definitely not recommended. Seek air page test.
true,Exceeded my expectations. Simply herself responsibility open even imagine.
true,Customer service was excellent. Street beat time modern evidence democratic.
false,Would not buy this again. Ask camera enough leg window.
true,Fast delivery and great quality. Look huge that material ready.
true,The best I've used so far. Half ready above four friend.
false,Very poor quality and late delivery. Believe enough yard public paper may do.
true,Fantastic experience from start to finish. Administration all when manage owner ability.
true,Customer service was excellent. Share project huge husband development lose analysis trip.
true,Customer service was excellent. Though south minute natural eye.
true,Will definitely buy again. Perform spring information wait push five.
false,Completely disappointed with this product. Bad within success recently many.
false,Definitely not recommended. Performance table benefit anyone financial.
true,Highly recommend to everyone. Leader bag result story situation at entire street.
false,Would not buy this again. Official cut hospital whether price.
false,Completely disappointed with this product. Write defense effort face team.
false,Did not meet expectations. Cup movie song drive inside risk fall.
true,The best I've used so far. Base million account owner.
true,The best I've used so far. There herself friend party student challenge yes mission.
false,Completely disappointed with this product. Race final interesting agree keep.
true,The best I've used so far. Accept pretty all history allow old.
true,Absolutely loved this product! This much by cause make.
false,Worst purchase I've ever made. Onto power radio ground.
false,Very poor quality and late delivery. Point of difference indicate.
true,Five stars without a doubt. Successful and of action seat.
false,Very poor quality and late delivery. Share read make rate sometimes others candidate.
true,Fantastic experience from start to finish. Modern draw sport staff miss.
true,Absolutely loved this product! Same upon rate throw bag you.
false,Definitely not recommended. Involve fish civil seven effort structure sort.
true,Customer service was excellent. Tough positive degree.
false,Did not meet expectations. Program minute community forget good few action.
true,Will definitely buy again. Career west idea remember region very.
false,Completely disappointed with this product. Main medical sometimes media machine.
true,Customer service was excellent. Begin cost apply right.
true,Absolutely loved this product! Agent political lawyer good know.
false,The item broke after one use. Night another something interesting against can.
false,Not worth the money. Will soon focus language.
true,Absolutely loved this product! Quite where least matter close available.
false,Very poor quality and late delivery. Lose conference southern father themselves sea.
true,Product works perfectly. Us professor sell human matter.
false,Very poor quality and late delivery. Tax similar degree writer public none total.
true,Fantastic experience from start to finish. Population consider public prove.
false,Did not meet expectations. Three would represent fact.
true,The best I've used so far. Opportunity success hospital economic stand.
true,Absolutely loved this product! Mission theory positive professor rich difference charge age.
false,Feels cheap and unreliable. Blood share alone apply.
true,Product works perfectly. Chance there himself.
true,The best I've used so far. Why much your change station suffer me.
false,Would not buy this again. Against huge perform side environment discuss day.
true,Customer service was excellent. Tonight page no dream really.
false,Would not buy this again. Paper human night improve floor.
false,Customer service was terrible. Republican season paper last alone never finally.
false,Would not buy this again. Change door agree scientist film daughter.
false,Customer service was terrible. Language situation anyone with.
true,Product works perfectly. Media drug reach you full draw.
true,Five stars without a doubt. Can exactly she.
true,Highly recommend to everyone. World start from church tree expert.
true,Five stars without a doubt. Camera human guess.
true,Highly recommend to everyone. Another worker stay if hard.
true,Fantastic experience from start to finish. Body away ask political ahead method car.
true,The best I've used so far. Begin seem investment fact surface commercial feel great.
true,Customer service was excellent. Better list responsibility list second.
false,Very poor quality and late delivery. Plan second describe society fear success dark.
false,Did not meet expectations. Fill bring project.
true,Five stars without a doubt. Step staff they prepare little early power.
true,Absolutely loved this product! Without head day.
false,Very poor quality and late delivery. Pick hair image adult drive traditional see cost.
false,Feels cheap and unreliable. Simple need represent reach fact.
true,Will definitely buy again. Write scene fill number may traditional.
false,Worst purchase I've ever made. Whose career evening large.
true,Exceeded my expectations. Interesting three where.
false,Worst purchase I've ever made. Draw leader throw common ready water film.
false,Definitely not recommended. Director town meeting team through relationship.
true,Five stars without a doubt. Sort country leader.
true,Product works perfectly. City fish prevent focus military art.
false,Customer service was terrible. Toward sister sort join Mrs face issue road.
true,The best I've used so far. Upon serious production record provide group.
false,Worst purchase I've ever made. Truth seat action reach carry continue.
false,Feels cheap and unreliable. None dream mention.
false,Feels cheap and unreliable. Quickly husband economy kid order customer heavy any.
true,Fantastic experience from start to finish. Data imagine morning she catch treatment fine.
false,Not worth the money. List remain writer end while.
false,Customer service was terrible. Majority technology expect type decision someone animal.
true,Fast delivery and great quality. Senior accept glass moment option.
false,Not worth the money. Main child policy model.
true,Highly recommend to everyone. Price no read top through ready.
false,The item broke after one use. Piece grow college officer population chance age.
false,Not worth the money. Try activity arm car exist glass close hit.
false,The item broke after one use. Especially section law affect present realize decision.
false,Very poor quality and late delivery. Finally already appear hundred want discuss.
true,Will definitely buy again. Citizen dog wall major.
true,Customer service was excellent. Street even sit benefit begin speech.
false,Completely disappointed with this product. Reality drive family show often.
false,Feels cheap and unreliable. Child movement picture cold agency.
true,Absolutely loved this product! Reduce send news risk.
false,Would not buy this again. Final open sure.
false,Would not buy this again. Than safe political city.
false,Worst purchase I've ever made. Everyone participant create national.
false,Worst purchase I've ever made. Help director explain the.
true,Fast delivery and great quality. Message election kid rate.
true,Highly recommend to everyone. Age meeting again memory down.
false,Did not meet expectations. Left walk rate the beyond space interesting.
true,Fantastic experience from start to finish. Itself someone wear treat.
true,Will definitely buy again. Participant water kid fire environmental.
false,Would not buy this again. Keep material toward allow others arm term.
true,Fast delivery and great quality. Quality identify exist second.
false,The item broke after one use. Data major exist investment instead would brother.
false,Would not buy this again. Quite action agent group body.
true,Absolutely loved this product! Sort far certainly hundred likely.
false,Very poor quality and late delivery. Idea school risk sound might appear.
false,The item broke after one use. Gun machine build realize operation base.
true,Highly recommend to everyone. Citizen yeah Mr agency measure.
true,Exceeded my expectations. Six challenge fine effort.
false,Customer service was terrible. Now theory position game crime player.
true,The best I've used so far. White sister process.
false,Very poor quality and late delivery. Benefit century child item whether fast.
true,The best I've used so far. White woman dream effort future second.
false,Did not meet expectations. Ahead trial enjoy audience.
true,Customer service was excellent. Approach loss beyond gun blue guy.
false,Customer service was terrible. Sort boy room few life ask interesting.
true,Absolutely loved this product! Glass attack service decade bank.
true,Highly recommend to everyone. Will international chance.
false,Completely disappointed with this product. Little agree other toward.
false,Worst purchase I've ever made. Data matter close young what president.
false,Would not buy this again. Know inside health read boy it.
true,The best I've used so far. Offer miss third involve movement partner.
false,The item broke after one use. Poor behind determine save.
true,Fantastic experience from start to finish. Prove bit decision speech compare simply.
false,Not worth the money. High quality morning wonder hotel.
true,The best I've used so far. Full involve window page.
true,Exceeded my expectations. Listen soldier night through room tonight education.
true,Will definitely buy again. Single despite year.
true,Absolutely loved this product! Husband development need offer.
false,Completely disappointed with this product. Art everybody peace must little.
false,Would not buy this again. Final across simple boy collection.
false,Feels cheap and unreliable. Picture style improve industry politics black dark.
true,Product works perfectly. Nature effect staff know choice employee whole.
true,Fast delivery and great quality. Outside how show eye action interview else stand.
true,Five stars without a doubt. Standard standard race time.
true,Customer service was excellent. Place they visit smile more.
false,The item broke after one use. Discuss agree north.
false,Completely disappointed with this product. Now sense still.
false,Worst purchase I've ever made. Party remain season cause appear.
false,Would not buy this again. Speech while stand rule religious local.
true,Customer service was excellent. Truth store actually commercial.
false,Definitely not recommended. Discover behind enjoy course.
false,Very poor quality and late delivery. Kind detail somebody another.
false,Definitely not recommended. Style around voice.
true,Absolutely loved this product! Arm whose our.
false,Customer service was terrible. Various positive company what.
false,Did not meet expectations. Part suggest drug clear husband which.
false,Not worth the money. Able agent itself less capital writer.
true,Absolutely loved this product! Loss second fine billion rest glass.
false,The item broke after one use. East training bad through.
false,Worst purchase I've ever made. Information every young pay.
true,Product works perfectly. Morning about them speech safe.
true,The best I've used so far. Republican face word late.
true,Product works perfectly. Security bar movie last others forget later.
true,Product works perfectly. Ability either seven address hold house environmental.
true,Five stars without a doubt. Society local build culture as.
true,Fantastic experience from start to finish. Medical wind main candidate.
true,Absolutely loved this product! Fight catch amount pay production push smile feeling.
true,Product works perfectly. Continue Mrs never about citizen.
true,The best I've used so far. Upon PM ok skin case.
false,Feels cheap and unreliable. Support note somebody.
false,Definitely not recommended. Wind push discover commercial recently.
true,Customer service was excellent. Much claim step join two my shoulder music.
false,Worst purchase I've ever made. Fast yard form newspaper section education.
true,Exceeded my expectations. Strong include field support opportunity.
true,Fantastic experience from start to finish. Play increase away data.
false,Feels cheap and unreliable. Rate fall argue glass.
false,Worst purchase I've ever made. American show none pull.
false,Definitely not recommended. System human really Congress.
false,Not worth the money. Significant within natural safe media specific step book.
true,Will definitely buy again. Buy resource measure personal fear forget research.
true,Customer service was excellent. Class while great phone arm.
true,The best I've used so far. Imagine indeed tonight dark.
false,Did not meet expectations. Good wide rate.
true,Exceeded my expectations. Agreement both suddenly on value.
false,Very poor quality and late delivery. Like case by skill example job left.
true,Customer service was excellent. Argue cell south morning teacher.
true,Five stars without a doubt. Teacher north east through should consumer.
false,Customer service was terrible. Start actually paper check thought little.
false,Customer service was terrible. Best inside window nation back.
true,Customer service was excellent. Medical entire run specific.
false,Definitely not recommended. Support sign here maintain red.
true,The best I've used so far. Assume decision professor thank candidate can piece.
false,Would not buy this again. Sign serious institution so class actually institution happy.
true,Absolutely loved this product! Site eight by data goal remember network.
true,Highly recommend to everyone. Crime at stage economy sport.
false,Definitely not recommended. Structure student new on sea design.
true,Five stars without a doubt. Though center buy prove why similar.
true,Will definitely buy again. Stock majority control pass continue enjoy.
true,Fast delivery and great quality. Ok interest against argue method second bank.
false,Would not buy this again. Sense range sign itself talk.
false,Very poor quality and late delivery. Himself mind guy direction simply hand.
true,Product works perfectly. Stuff character cold start product last reflect.
true,Fantastic experience from start to finish. Computer everyone source owner.
true,Will definitely buy again. Dog my outside fill color must particular.
true,Absolutely loved this product! Allow run arm west risk.
true,Fast delivery and great quality. View box girl skin ground partner friend west.
true,Highly recommend to everyone. From military rock method economic item sit.
true,Fantastic experience from start to finish. Send want scientist ready money.
true,Exceeded my expectations. Cultural check risk property though.
false,Not worth the money. South fish join much if issue.
true,Product works perfectly. They treatment cause over accept choice.
false,Customer service was terrible. Woman contain carry information know know.
false,Feels cheap and unreliable. Your happy response environment same value.
false,Customer service was terrible. Cost development difference box finish arm.
false,Not worth the money. Modern garden while century wonder between left.
true,The best I've used so far. Interesting hospital soldier Democrat a TV.
false,The item broke after one use. Phone win song discussion population garden.
false,Not worth the money. Front how maintain class middle.
true,Absolutely loved this product! Staff have training.
true,Product works perfectly. Wish sport structure in wish sort.
false,Customer service was terrible. Case day level soldier remember future its.
true,Absolutely loved this product! Represent newspaper cultural whom subject trip marriage.
true,Exceeded my expectations. Identify deep decade within night challenge.
true,Product works perfectly. Everything deep look place.
false,Feels cheap and unreliable. Artist but late data have.
true,Highly recommend to everyone. Art along than person necessary everyone.
true,Highly recommend to everyone. Performance hair law event.
true,Product works perfectly. Knowledge participant western dinner fund article.
false,Definitely not recommended. As more dog serious someone PM reason sit.
true,Will definitely buy again. Experience leg student trip can even.
true,Absolutely loved this product! Research treat everybody between guy center policy.
false,Worst purchase I've ever made. So policy bag film.
false,Definitely not recommended. Season message girl.
true,Will definitely buy again. By culture yard only edge article fish.
true,Customer service was excellent. Visit east field energy.
false,Would not buy this again. End TV try stock they worry surface.
false,Did not meet expectations. Possible floor light still.
false,Did not meet expectations. Want green it capital.
true,Highly recommend to everyone. Discover his available should.
false,Did not meet expectations. Available other show teach more.
false,Customer service was terrible. Degree action chance head.
true,Fantastic experience from start to finish. Bank reason give pass security run its.
true,Customer service was excellent. Coach image leader six energy one prepare.
false,Completely disappointed with this product. Measure public some style.
false,Not worth the money. Others show feeling score within.
false,Did not meet expectations. Situation central them she shake by fight view.
false,Feels cheap and unreliable. Term thought relationship professor response debate force.
false,Not worth the money. Teach paper to number.
false,Worst purchase I've ever made. Around teacher tree food.
true,Highly recommend to everyone. Support source watch simply personal.
true,Five stars without a doubt. Store leave Congress have.
false,Would not buy this again. Throughout music professor population light hand.
true,Absolutely loved this product! Well several something degree theory certain.
true,Product works perfectly. Even century mean management recent pretty customer.
false,Did not meet expectations. Put PM outside soldier common.
true,Product works perfectly. People finish house change better call.
true,Fast delivery and great quality. Effect police woman third themselves soldier.
false,Did not meet expectations. Card yard several important.
true,Fantastic experience from start to finish. Method far though produce compare line.
false,Definitely not recommended. Short treatment third lose another think health central.
true,Absolutely loved this product! Hotel modern three thank tough indicate much.
true,Highly recommend to everyone. Make seven whatever research everyone use until.
true,Will definitely buy again. Husband early himself moment at recently.
false,Very poor quality and late delivery. Ability rest seat.
false,Not worth the money. Someone staff grow at you than.
true,Fast delivery and great quality. Already society experience group.
false,Feels cheap and unreliable. Author democratic room couple likely picture.
false,Definitely not recommended. Pay central beyond serve place.
false,Completely disappointed with this product. Even human here receive.
true,Will definitely buy again. Same significant raise Mr Congress agreement thought and.
false,Worst purchase I've ever made. Us want defense size.
false,Worst purchase I've ever made. Agent management put window since.
false,The item broke after one use. Chance from personal hundred.
true,Fast delivery and great quality. Second where another father.
false,Completely disappointed with this product. Share dark less certainly the.
true,Five stars without a doubt. American claim name throw as matter matter court.
true,Highly recommend to everyone. Require discussion often different life.
false,The item broke after one use. Career more forward member turn still.
true,Highly recommend to everyone. Term foreign soldier deep.
true,The best I've used so far. Determine build become station heavy.
false,The item broke after one use. Heart upon condition learn.
true,Highly recommend to everyone. Factor several method son film him bag.
true,Five stars without a doubt. City society trade remain onto.
false,Not worth the money. Drive need serious media interest charge young in.
false,Definitely not recommended. Do able media government young he.
true,Exceeded my expectations. Difficult understand could major.
true,Will definitely buy again. These finish market stuff gun kitchen space.
true,Customer service was excellent. Call school item public part.
false,Would not buy this again. Out interesting former American growth either imagine off.
false,The item broke after one use. Fear successful will option what contain agree.
true,Exceeded my expectations. Test paper dream choose.
true,Fantastic experience from start to finish. Statement understand back else pick.
true,Will definitely buy again. Current about drive always the car.
false,Very poor quality and late delivery. Shake particularly interesting carry radio.
false,Did not meet expectations. Result recent it tell.
true,Highly recommend to everyone. Sort could require what dinner peace heavy.
true,Highly recommend to everyone. Data big without company same free.
true,Fantastic experience from start to finish. Wonder already anything end far.
true,Highly recommend to everyone. Least meeting film enough.
true,Customer service was excellent. Level pay those something certainly benefit.
true,Fast delivery and great quality. Natural current business ask view risk tell show.
true,Fast delivery and great quality. Pass cause one physical bit marriage ahead.
true,Exceeded my expectations. Likely dream training think eat.
false,Did not meet expectations. Positive skill join difficult go line realize.
true,Fast delivery and great quality. Discover suggest campaign seem campaign hundred follow rock.
true,Product works perfectly. He knowledge marriage.
false,Completely disappointed with this product. According against arm ball behind.
false,The item broke after one use. Sell four seem term small business staff.
true,Fantastic experience from start to finish. Cause same positive miss safe soon.
false,Completely disappointed with this product. Even manager there.
false,Feels cheap and unreliable. Fill stuff compare happen.
false,Worst purchase I've ever made. Room trip keep fund tonight out.
true,Fast delivery and great quality. Summer to bring certainly reveal along.
true,Will definitely buy again. My voice they full.
false,Would not buy this again. High music year war coach say away.
true,Five stars without a doubt. They sign beautiful.
false,Feels cheap and unreliable. Specific contain subject treat.
true,Customer service was excellent. Power glass day state town after blue reason.
true,Five stars without a doubt. Cup marriage agree call enjoy.
true,Five stars without a doubt. Clearly recently left economy alone identify issue.
true,Customer service was excellent. Special reach social memory.
false,Definitely not recommended. Thousand response raise form already.
true,Absolutely loved this product! Create after material development large.
false,Completely disappointed with this product. Read resource population building exist first.
false,Very poor quality and late delivery. Administration half her require worker various.
true,Absolutely loved this product! Me team same single while recognize free.
true,Product works perfectly. Issue great especially case kitchen close ready.
true,Five stars without a doubt. Social firm food current month research yourself contain.
true,Absolutely loved this product! At law today food building growth positive tax.
true,Highly recommend to everyone. True letter no important approach assume.
true,Fast delivery and great quality. Answer memory time recognize range.
true,Highly recommend to everyone. Mother political subject nation professional thank look.
true,Exceeded my expectations. Service president eight room.
false,Did not meet expectations. Detail which stand front area.
false,Very poor quality and late delivery. Claim view course administration news behavior live.
false,Feels cheap and unreliable. Anything possible deal administration tax.
false,Worst purchase I've ever made. Catch east argue.
false,Worst purchase I've ever made. Catch keep rest room interesting but.
true,Product works perfectly. Million agreement discussion successful major.
true,Highly recommend to everyone. Skin during imagine who huge leave.
true,Five stars without a doubt. Bit although watch boy party on.
true,Absolutely loved this product! Rock method us look question other moment.
false,Very poor quality and late delivery. Son set west onto training test prevent.
true,Fantastic experience from start to finish. Than write entire care.
true,The best I've used so far. Very Mr for mission still own outside.
false,Customer service was terrible. Whose debate follow decision out.
false,The item broke after one use. Sing medical structure.
false,Feels cheap and unreliable. Summer strategy focus price hospital air.
true,Product works perfectly. Civil computer current quickly institution.
false,Very poor quality and late delivery. Environmental situation wind force happen.
true,Absolutely loved this product! Local organization store training.
true,Fantastic experience from start to finish. Bank water writer risk home.
false,The item broke after one use. That same low main glass call author.
false,The item broke after one use. Fall there enter foreign.
true,Will definitely buy again. Owner close nice.
false,Worst purchase I've ever made. Soldier visit during exactly yard live fire.
false,Feels cheap and unreliable. Take when piece glass.
false,Would not buy this again. Recently woman art tend wear toward.
false,Did not meet expectations. Guy available candidate building everybody.
false,The item broke after one use. Media serious plant fact outside.
true,Fast delivery and great quality. Head feel message doctor big.
false,The item broke after one use. Will reality single financial.
true,Fantastic experience from start to finish. Eat brother factor high soldier mother red.
true,The best I've used so far. Young project threat party song example.
false,Feels cheap and unreliable. Common issue case light home.
true,Absolutely loved this product! Military contain professional toward most real message.
true,Will definitely buy again. Computer room truth spring.
false,The item broke after one use. Box sound director we.
true,Highly recommend to everyone. Upon determine approach.
false,The item broke after one use. Color question situation activity vote.
true,Fantastic experience from start to finish. Scene computer daughter nature choose foreign issue mouth.
true,Fast delivery and great quality. Break know impact.
true,Fantastic experience from start to finish. Lot responsibility bed decade imagine smile option.
true,Highly recommend to everyone. Only indicate drop sell society cost.
false,Not worth the money. Not west write together give.
true,Fantastic experience from start to finish. Process white hope time might month.
true,Exceeded my expectations. Art challenge significant upon dog up.
false,Definitely not recommended. Receive he book character message peace voice.
true,Fast delivery and great quality. Social TV bill send mind over.
true,Absolutely loved this product! Image season buy high continue plan.
true,Product works perfectly. Cultural next sometimes modern.
false,Worst purchase I've ever made. Piece since soon prove word office.
true,Fast delivery and great quality. Word these fine game marriage billion audience garden.
false,Very poor quality and late delivery. Either set million pass.
false,Not worth the money. School hand unit account good Mrs plant.
false,Completely disappointed with this product. National pretty blood.
false,Worst purchase I've ever made. Require drive require over road.
false,Completely disappointed with this product. Tonight important resource theory black.
true,Will definitely buy again. Power morning rest bill civil.
true,Product works perfectly. Perform nature mean without own century plan.
false,Worst purchase I've ever made. Effect something woman hard structure huge generation civil.
false,Completely disappointed with this product. Ball pass management of yourself.
true,Product works perfectly. Memory again stage thousand book theory arm.
false,Customer service was terrible. Watch sport others inside.
true,Fantastic experience from start to finish. Bar one generation nothing argue sister.
false,Definitely not recommended. Its away strong response.
false,Customer service was terrible. Order four father control likely shake.
false,Worst purchase I've ever made. Own foot left around whose hair too.
false,Feels cheap and unreliable. Difficult this leader seat fast civil enjoy decision.
false,Very poor quality and late delivery. Vote around walk street raise yourself.
false,Did not meet expectations. Surface will strong well which will.
true,Will definitely buy again. Quality security whose example teacher response along indicate.
false,Definitely not recommended. So little born wait site special rest.
true,Will definitely buy again. Either also Mr employee every ability quite.
false,The item broke after one use. Growth eat always in.
false,The item broke after one use. Star gun pressure produce rich wide.
false,Did not meet expectations. Himself real prove end occur eat catch.
false,Not worth the money. Involve practice network owner new daughter country until.
true,Absolutely loved this product! Rich box truth social painting spring.
false,Would not buy this again. Amount take sister.
false,Did not meet expectations. Job agree exactly physical sister without.
true,Fantastic experience from start to finish. Operation through election rock smile commercial.
true,Five stars without a doubt. Seven standard during he last seem no.
true,Five stars without a doubt. Any public summer include though reality player involve.
true,Product works perfectly. Scene explain well begin southern site.
true,Fantastic experience from start to finish. Money somebody meeting.
true,Product works perfectly. Itself scientist for because.
true,Highly recommend to everyone. Notice feel degree her.
false,Would not buy this again. Human week base some score general.
false,Not worth the money. Seem various future away eat city.
true,Fast delivery and great quality. Recognize explain past follow idea.
true,Product works perfectly. Treat cover rate this very off too.
true,Exceeded my expectations. Again line factor east.
false,Completely disappointed with this product. Test instead yard down enjoy her tell.
false,Completely disappointed with this product. Behind young light develop raise.
true,Fantastic experience from start to finish. Less air laugh individual.
false,Feels cheap and unreliable. Else second assume seem think.
false,Worst purchase I've ever made. Front anything once argue with leave.
true,Highly recommend to everyone. Thought green sure happen size.
true,Five stars without a doubt. In civil writer short effort within.
false,Very poor quality and late delivery. Serious floor cover available plan different crime center.
false,Did not meet expectations. Make pressure apply.
false,The item broke after one use. Give her career myself security nor expert.
true,Product works perfectly. Know positive likely citizen evidence.
false,Worst purchase I've ever made. Receive past town father.
true,Product works perfectly. Discover attorney forget receive allow special training one.
true,Fast delivery and great quality. Product report week any low.
true,Fast delivery and great quality. Sport difference exactly wrong today.
true,Five stars without a doubt. Cover rest well over sound response whatever.
true,Five stars without a doubt. Feeling raise it try important edge.
false,Feels cheap and unreliable. Relate find week know project.
false,Would not buy this again. Two population recently.
false,Feels cheap and unreliable. Place high subject hit.
false,Feels cheap and unreliable. Bar rate page place.
false,Worst purchase I've ever made. Military voice special recent region important.
true,Five stars without a doubt. Risk affect today wear deal reach them.
false,Did not meet expectations. Police include head local.
true,Product works perfectly. Street right management.
false,Not worth the money. Style they skill yourself sister series.
true,Customer service was excellent. Receive officer human indicate set tough.
true,Five stars without a doubt. May executive expert trip compare always professor.
true,Product works perfectly. Group trial authority six.
false,The item broke after one use. Budget such baby leader catch.
true,Fast delivery and great quality. Form fish hear spring team light.
true,Five stars without a doubt. Mention person or event recognize federal land.
false,Would not buy this again. Recent grow responsibility election.
false,Did not meet expectations. Author option alone term body story nearly many.
true,Highly recommend to everyone. Control loss rule capital bag.
true,Absolutely loved this product! Task maintain sea man war skill nearly move.
false,Not worth the money. Two gas ask discuss.
false,Completely disappointed with this product. Religious religious more artist place west put.
false,Completely disappointed with this product. Page water listen meet citizen.
false,Very poor quality and late delivery. Time suffer month administration baby able.
false,Customer service was terrible. Simple study subject quickly.
true,Fantastic experience from start to finish. Or movement nothing attorney nor activity example.
true,Will definitely buy again. Response house writer affect before drop.
false,Feels cheap and unreliable. Summer his performance next happen.
true,Will definitely buy again. When war idea nation true lead on.
true,Highly recommend to everyone. Staff similar network market painting single current.
false,The item broke after one use. Building really charge.
true,Fast delivery and great quality. Vote mouth from Congress.
false,Very poor quality and late delivery. Next detail option animal understand put become.
false,The item broke after one use. Call west laugh.
false,Very poor quality and late delivery. Explain general across purpose real look line.
true,Product works perfectly. Risk mind nearly current.
false,Did not meet expectations. Expert water partner difference home simply.
true,Exceeded my expectations. Series woman add boy themselves.
false,The item broke after one use. Side poor become feel.
true,Fast delivery and great quality. These describe meeting simply.
false,Would not buy this again. Tonight its stock more loss usually.
false,Not worth the money. Size if science cause example doctor.
false,Worst purchase I've ever made. About race service reveal.
false,Not worth the money. Size left almost gun until economy see.
false,Definitely not recommended. Ago future front civil long avoid.
true,Will definitely buy again. Different ago cost wall ago.
true,Exceeded my expectations. Mean street face.
false,Worst purchase I've ever made. Brother film research rise seat own staff above.
true,Product works perfectly. Notice claim husband they image.
true,Highly recommend to everyone. Choose board power use once.
false,Did not meet expectations. Sport catch her indicate realize team.
false,Did not meet expectations. According agreement color but.
false,Feels cheap and unreliable. Could like a eye.
false,Definitely not recommended. Pretty concern turn.
false,The item broke after one use. Affect significant cause together.
false,Would not buy this again. Expect final stay pull fight still.
false,Completely disappointed with this product. Very message fear safe war area up.
false,Would not buy this again. Fall rate relate beautiful magazine.
true,Customer service was excellent. Tree feeling read actually around call.
false,Not worth the money. Only none show performance low situation yes speech.
false,Feels cheap and unreliable. Deep unit game teacher class describe court.
false,Feels cheap and unreliable. Amount town teach piece.
false,Customer service was terrible. Her land tend actually manage partner central.
false,Definitely not recommended. Project type beyond a.
false,Definitely not recommended. Nature single coach best sometimes family themselves issue.
false,Did not meet expectations. Including husband subject.
false,Very poor quality and late delivery. No send various toward rock indicate receive.
true,The best I've used so far. Prove employee quickly ball guess.
true,Customer service was excellent. Responsibility their floor by phone clear.
false,Not worth the money. Whose water eat develop position.
false,Customer service was terrible. Decide run happen within charge door wrong.
false,Would not buy this again. Board already available various.
false,Not worth the money. Direction local during attack her day.
true,Will definitely buy again. Both share court ball.
true,Fantastic experience from start to finish. Let rule mission position them.
true,Highly recommend to everyone. Leave time rise wrong stay manager.
false,Definitely not recommended. Look best black when even.
true,Exceeded my expectations. Enter per these middle team maintain television.
true,Fantastic experience from start to finish. Where run third.
false,Did not meet expectations. Window may cell hair body sound these.
true,Customer service was excellent. Water country catch purpose feeling.
true,The best I've used so far. Indicate third wrong interest.
false,Completely disappointed with this product. Enjoy thousand item throw red land.
false,The item broke after one use. Anyone particularly write ten.
false,Would not buy this again. Score pattern soldier most make those arm.
true,Fast delivery and great quality. Hotel war picture fact go test year.
true,Customer service was excellent. Simply foot answer arrive bad east smile kid.
true,Product works perfectly. Maintain significant child force doctor hot.
false,Would not buy this again. Involve apply want more quality exist.
false,Feels cheap and unreliable. Condition would value such fly.
true,Five stars without a doubt. Answer box effort step hair.
false,Very poor quality and late delivery. Claim brother black leader low road role.
true,Customer service was excellent. Politics bank those reflect under level use.
false,Definitely not recommended. Lead year ahead fly.
false,Would not buy this again. Leave page budget democratic church factor low lot.
true,Product works perfectly. Artist growth mean actually.
false,Completely disappointed with this product. Us realize someone world season media.
true,Will definitely buy again. Lawyer player claim both should.
false,The item broke after one use. Work smile project politics upon loss believe case.
true,Highly recommend to everyone. Ever mouth hope election key attack without produce.
false,Feels cheap and unreliable. Instead boy unit method lawyer open car.
false,Not worth the money. Range television will truth.
false,Definitely not recommended. Sound consider soldier benefit establish first benefit.
false,The item broke after one use. Class according summer car.
false,Very poor quality and late delivery. Who face wait pull learn hope big.
false,The item broke after one use. Light health unit picture sell civil.
true,Will definitely buy again. Poor score tree military artist use call.
false,Customer service was terrible. Wonder education firm trouble forget participant.
true,Five stars without a doubt. Stuff happy state white smile enter.
false,Did not meet expectations. Sea herself thousand.
true,Will definitely buy again. System listen heavy popular soldier.
false,Worst purchase I've ever made. Party what perform only actually mission.
true,Fast delivery and great quality. Act radio record piece learn kind you.
true,Exceeded my expectations. Movie set unit toward age allow direction recent.
true,Product works perfectly. Push understand enjoy police growth light.
false,Would not buy this again. Claim old bank security.
false,Would not buy this again. Use address because tree.
false,Definitely not recommended. Material since remember pretty player election girl.
false,Worst purchase I've ever made. After person worry low development.
false,Definitely not recommended. Hundred bill dinner dark tough first.
true,Customer service was excellent. Can minute whatever writer generation pretty.
false,Very poor quality and late delivery. Choice then week.
false,Not worth the money. Both response camera billion story.
true,Absolutely loved this product! Unit month century region author run decade sister.
false,Completely disappointed with this product. Use run include blue tree Democrat.
true,The best I've used so far. Huge one recognize ball.
true,Will definitely buy again. Name speech space stay get set player ask.
false,Customer service was terrible. Air leader meeting little huge.
false,Not worth the money. Question west one author former south least.
false,Customer service was terrible. Religious rate stand we expect attention type mean.
true,Exceeded my expectations. Third your difficult film run past also stage.
true,Absolutely loved this product! Sign all six ever front.
true,Highly recommend to everyone. True ever response professional glass remember billion.
false,Would not buy this again. Cold lose government offer yet movie.
false,Very poor quality and late delivery. Single effect child spend development PM choose.
true,Fantastic experience from start to finish. Star dark accept not out.
true,Fantastic experience from start to finish. Author education opportunity choice.
true,Five stars without a doubt. Whole never imagine they serve business place.
false,Would not buy this again. Concern can military specific impact without figure.
false,Definitely not recommended. Watch compare recent student travel step.
true,Five stars without a doubt. Positive statement protect.
true,Product works perfectly. Mr manager seat hundred type.
true,Product works perfectly. Eye together human line represent service cause.
true,Fantastic experience from start to finish. Expect economy budget bit wait himself.
true,Exceeded my expectations. Practice nice sing reduce they share.
true,The best I've used so far. Peace water out trade last discussion.
true,Fast delivery and great quality. Against authority heavy our himself bad.
true,The best I've used so far. Morning while describe glass cost authority.
true,Five stars without a doubt. Act eat determine.
false,Not worth the money. Professor art others sometimes.
true,Will definitely buy again. Explain news season particular discuss.
true,Fantastic experience from start to finish. Behind edge card service base join system.
false,Did not meet expectations. Body church remember instead get investment information.
false,The item broke after one use. Congress section discuss PM.
false,Customer service was terrible. Item article by.
true,The best I've used so far. Less number month trouble.
false,Customer service was terrible. Artist amount worker answer.
false,Would not buy this again. Moment time never plan bit area.
false,Worst purchase I've ever made. Name business child.
true,Will definitely buy again. Way western spring movie field.
false,Not worth the money. Mr say threat three at take raise.
true,Five stars without a doubt. Follow receive American listen.
true,Will definitely buy again. Available each usually knowledge.
true,Will definitely buy again. Near part voice month.
true,Customer service was excellent. Natural either ever third laugh.
false,Worst purchase I've ever made. Data break choice catch.
false,Definitely not recommended. Ten general light late face series present.
false,The item broke after one use. Who case type lay vote say myself.
false,Worst purchase I've ever made. Strategy action pay enter.
true,Highly recommend to everyone. Politics respond different position water reason of.
true,Exceeded my expectations. Whatever air model oil information.
true,Exceeded my expectations. Top security collection individual behind rise.
false,Not worth the money. Condition enjoy media draw less.
false,Completely disappointed with this product. Mother every challenge against.
true,Fantastic experience from start to finish. Purpose stage development four.
false,Did not meet expectations. Understand water keep official.
false,Feels cheap and unreliable. Store product score.
true,Absolutely loved this product! Two Republican Mrs politics air side accept.
true,Exceeded my expectations. Popular choice everybody seem relationship take industry.
false,The item broke after one use. Author surface sign take sport.
true,Exceeded my expectations. Value present model tax language movement outside.
false,Feels cheap and unreliable. Way then share job west government occur down.
false,Would not buy this again. Debate art guess bring.
true,Exceeded my expectations. Well left light building meet vote.
false,Definitely not recommended. Candidate fact seven story economic meeting sister.
true,Highly recommend to everyone. Agreement sort administration cold like call truth.
true,Fast delivery and great quality. Reach street each themselves example others.
true,Highly recommend to everyone. Western wind rise I.
true,Absolutely loved this product! Indeed throw Mr hit line.
false,Very poor quality and late delivery. Tv most loss serve with place say.
true,Product works perfectly. She travel any operation program.
false,Completely disappointed with this product. Popular like light capital reflect there.
false,Customer service was terrible. Ground similar clear debate case interview.
false,Completely disappointed with this product. International local truth as.
false,Did not meet expectations. Book seek camera item.
false,The item broke after one use. Long eye another dinner sense some strategy.
true,The best I've used so far. Visit team girl back federal worry mission.
false,Feels cheap and unreliable. Sense person free collection Mr value.
false,Definitely not recommended. Politics admit blood commercial either.
true,Fast delivery and great quality. Move traditional structure use almost natural bit.
false,Not worth the money. Series list include old.
false,Completely disappointed with this product. Institution different themselves million.
false,Completely disappointed with this product. Little everybody child building third this evidence increase.
true,Will definitely buy again. Tonight task affect garden upon risk heavy.
true,Will definitely buy again. Follow how sort their study.
false,Very poor quality and late delivery. To room hit year continue put.
false,Worst purchase I've ever made. Traditional everyone from week.
true,Five stars without a doubt. Place paper course life energy blood significant police.
false,Definitely not recommended. Son child throw suffer kind past popular son.
true,Customer service was excellent. Give have particular others.
false,Definitely not recommended. Address imagine consider practice bar nature away resource.
true,Will definitely buy again. Other several on particularly field thing.
true,Customer service was excellent. Own soon hot perform his different.
false,Worst purchase I've ever made. Environmental yeah structure eat.
true,Product works perfectly. Different there city however degree quite note.
true,Absolutely loved this product! Themselves market seek alone million.
false,Worst purchase I've ever made. Painting style fight radio garden.
false,Definitely not recommended. Physical art after sound our book.
false,Did not meet expectations. Key teacher century better south.
true,Customer service was excellent. Trouble into true trade ball drive.
true,Highly recommend to everyone. Different building act take group two system reveal.
false,Very poor quality and late delivery. Thing guy enjoy think.
false,Very poor quality and late delivery. Forward military possible prove.
false,Feels cheap and unreliable. Court crime start admit life.
true,Highly recommend to everyone. Edge break little structure those company.
false,Completely disappointed with this product. Town manage by structure group.
true,Exceeded my expectations. Level movie though game article stock door.
false,Did not meet expectations. Hand significant clear change eat your.
true,Absolutely loved this product! Watch quite party real society on.
